"","station_id","station_name","lat","long","total","electric","classic"
"1","2","Buckingham Fountain","41.876535194","-87.620472908","6800","0","6800"
"2","3","Shedd Aquarium","41.867225957","-87.61535539","11972","0","11972"
"3","4","Burnham Harbor","41.856268","-87.613348","9873","0","9873"
"4","5","State St & Harrison St","41.874053","-87.627716","2509","0","2509"
"5","6","Dusable Harbor","41.886976","-87.612813","9254","0","9254"
"6","7","Field Blvd & South Water St","41.886349063","-87.617516547","3619","0","3619"
"7","9","Leavitt St & Archer Ave","41.82879202","-87.680604459","245","0","245"
"8","11","Jeffery Blvd & 71st St","41.766638237","-87.576450114","93","0","93"
"9","12","South Shore Dr & 71st St","41.766409457","-87.565687572","406","0","406"
"10","13","Wilton Ave & Diversey Pkwy","41.932418","-87.652705","3547","0","3547"
"11","14","Morgan St & 18th St","41.858086","-87.651073","978","0","978"
"12","15","Racine Ave & 18th St","41.858166","-87.656495","1020","0","1020"
"13","16","Paulina Ave & North Ave","41.909854652","-87.66993016","2146","0","2146"
"14","17","Honore St & Division St","41.903119","-87.673935","2120","0","2120"
"15","18","Wacker Dr & Washington St","41.883143364","-87.637242079","3764","0","3764"
"16","19","Loomis St & Taylor St (*)","41.868968","-87.659141","3160","0","3160"
"17","20","Sheffield Ave & Kingsbury St","41.910522","-87.653106","2760","0","2760"
"18","21","Aberdeen St & Jackson Blvd","41.87772613","-87.65478743","2251","0","2251"
"19","22","May St & Taylor St","41.8694821","-87.6554864","2726","0","2726"
"20","23","Orleans St & Elm St (*)","41.902924","-87.637715","1187","0","1187"
"21","24","Fairbanks Ct & Grand Ave","41.891847372","-87.620580196","6441","0","6441"
"22","25","Michigan Ave & Pearson St","41.89766","-87.62351","3844","0","3844"
"23","26","McClurg Ct & Illinois St","41.890847041","-87.618616819","9150","0","9150"
"24","27","Larrabee St & North Ave","41.91021","-87.6435","1239","0","1239"
"25","28","Larrabee St & Menomonee St","41.91468","-87.64332","1581","0","1581"
"26","29","Noble St & Milwaukee Ave","41.90068","-87.6626","2121","0","2121"
"27","30","Ashland Ave & Augusta Blvd","41.899643","-87.6677","1365","0","1365"
"28","31","Franklin St & Chicago Ave","41.896746973","-87.635667622","3487","0","3487"
"29","32","Racine Ave & Congress Pkwy","41.87464","-87.65703","1465","0","1465"
"30","33","State St & Van Buren St","41.877181","-87.627844","3670","0","3670"
"31","34","Cannon Dr & Fullerton Ave","41.926755988","-87.634428785","3355","0","3355"
"32","35","Streeter Dr & Grand Ave","41.892278","-87.612043","43668","0","43668"
"33","36","Franklin St & Jackson Blvd","41.877707956","-87.635321141","5264","0","5264"
"34","37","Dearborn St & Adams St","41.879356359","-87.629791036","3853","0","3853"
"35","38","Clark St & Lake St","41.886020828","-87.630876058","3915","0","3915"
"36","39","Wabash Ave & Adams St","41.879472352","-87.625688606","2908","0","2908"
"37","40","LaSalle St & Adams St","41.879344373","-87.631985221","3791","0","3791"
"38","41","Federal St & Polk St","41.872077633","-87.629543773","3464","0","3464"
"39","42","Wabash Ave & Cermak Rd","41.852619","-87.626488","794","0","794"
"40","43","Michigan Ave & Washington St","41.883984065","-87.624683976","10005","0","10005"
"41","44","State St & Randolph St","41.884621073","-87.627834231","4258","0","4258"
"42","45","Michigan Ave & Congress Pkwy","41.876243","-87.624426","3608","0","3608"
"43","46","Wells St & Walton St","41.89993001","-87.63443007","1751","0","1751"
"44","47","State St & Kinzie St","41.889187","-87.627754","5532","0","5532"
"45","48","Larrabee St & Kingsbury St","41.897764","-87.642884","4786","0","4786"
"46","49","Dearborn St & Monroe St","41.881319815","-87.629520919","4505","0","4505"
"47","50","Clark St & Congress Pkwy","41.875932666","-87.630584536","2692","0","2692"
"48","51","Clark St & Randolph St","41.884576228","-87.63188991","3853","0","3853"
"49","52","Michigan Ave & Lake St","41.886024","-87.624117","5826","0","5826"
"50","53","LaSalle (Wells) St & Huron St","41.894722","-87.634362","4721","0","4721"
"51","54","Ogden Ave & Chicago Ave","41.896362458","-87.654061273","2468","0","2468"
"52","55","Halsted St & Roosevelt Rd","41.867324","-87.648625","1010","0","1010"
"53","56","Desplaines St & Kinzie St","41.888716036","-87.644447853","4990","0","4990"
"54","57","Clinton St & Roosevelt Rd","41.867117783","-87.641087959","2357","0","2357"
"55","58","Marshfield Ave & Cortland St","41.916433429","-87.666746378","4580","0","4580"
"56","59","Wabash Ave & Roosevelt Rd","41.867227","-87.625961","6381","0","6381"
"57","60","Dayton St & North Ave","41.910578035","-87.649421929","3220","0","3220"
"58","61","Wood St & Milwaukee Ave","41.907655","-87.672552","3260","0","3260"
"59","62","McCormick Place","41.851375173","-87.618834649","2403","0","2403"
"60","66","Clinton St & Lake St","41.885637","-87.641823","4945","0","4945"
"61","67","Sheffield Ave & Fullerton Ave","41.925601882","-87.653708042","4029","0","4029"
"62","68","Clinton St & Tilden St","41.875885","-87.640795","1868","0","1868"
"63","69","Damen Ave & Pierce Ave","41.909396007","-87.677691929","5695","0","5695"
"64","71","Morgan St & Lake St","41.885779252","-87.65102461","4105","0","4105"
"65","72","Wabash Ave & 16th St","41.860384","-87.625813","2695","0","2695"
"66","73","Jefferson St & Monroe St","41.880329634","-87.642745972","2074","0","2074"
"67","74","Kingsbury St & Erie St","41.893808056","-87.641697228","5225","0","5225"
"68","75","Canal St & Jackson Blvd","41.877245","-87.639366","4769","0","4769"
"69","76","Lake Shore Dr & Monroe St","41.880958","-87.616743","22110","0","22110"
"70","77","Clinton St & Madison St","41.882242","-87.641066","10182","0","10182"
"71","80","Aberdeen St & Monroe St","41.880419","-87.655519","2509","0","2509"
"72","81","Daley Center Plaza","41.884241","-87.629634","7905","0","7905"
"73","84","Milwaukee Ave & Grand Ave","41.891578","-87.648384","3547","0","3547"
"74","85","Michigan Ave & Oak St","41.90096039","-87.62377664","17799","0","17799"
"75","86","Eckhart Park","41.89637337","-87.66098386","1655","0","1655"
"76","87","Racine Ave & Fullerton Ave","41.92556258","-87.65840426","2098","0","2098"
"77","88","Racine Ave & Randolph St","41.884069","-87.656853","1607","0","1607"
"78","89","Financial Pl & Congress Pkwy","41.875023628","-87.633094043","2750","0","2750"
"79","90","Millennium Park","41.8810317","-87.62408432","12831","0","12831"
"80","91","Clinton St & Washington Blvd","41.88338","-87.64117","10052","0","10052"
"81","92","Carpenter St & Huron St","41.894556","-87.653449","1529","0","1529"
"82","93","Sheffield Ave & Willow St","41.913688","-87.652855","2431","0","2431"
"83","94","Clark St & Armitage Ave","41.918306","-87.636282","8298","0","8298"
"84","95","Stony Island Ave & 64th St","41.778881","-87.586647","80","0","80"
"85","96","Desplaines St & Randolph St","41.88461619","-87.644570585","2740","0","2740"
"86","97","Field Museum","41.865312","-87.617867","4781","0","4781"
"87","98","LaSalle St & Washington St","41.882664","-87.63253","3546","0","3546"
"88","99","Lake Shore Dr & Ohio St","41.89259212","-87.617289126","6097","0","6097"
"89","100","Orleans St & Merchandise Mart Plaza","41.888243","-87.63639","6912","0","6912"
"90","101","63rd St Beach","41.780910964","-87.576323748","452","0","452"
"91","102","Stony Island Ave & 67th St","41.773458499","-87.585339739","63","0","63"
"92","103","Clinton St & Polk St (*)","41.871466518","-87.640949133","591","0","591"
"93","106","State St & Pearson St","41.897448","-87.628722","3208","0","3208"
"94","107","Desplaines St & Jackson Blvd","41.878118901","-87.643947601","2261","0","2261"
"95","108","Halsted St & Polk St","41.87184","-87.64664","2382","0","2382"
"96","109","900 W Harrison St","41.874754","-87.649807","1146","0","1146"
"97","110","Dearborn St & Erie St","41.893992","-87.629318","8074","0","8074"
"98","111","Sedgwick St & Huron St","41.894666","-87.638437","2354","0","2354"
"99","112","Green St & Randolph St","41.883181306","-87.648724616","4222","0","4222"
"100","113","Bissell St & Armitage Ave","41.918018142","-87.652181983","4238","0","4238"
"101","114","Sheffield Ave & Waveland Ave","41.949399","-87.654529","4984","0","4984"
"102","115","Sheffield Ave & Wellington Ave","41.936253483","-87.652662098","3210","0","3210"
"103","116","Western Ave & Winnebago Ave","41.91552","-87.687022","2031","0","2031"
"104","117","Wilton Ave & Belmont Ave","41.94018","-87.65304","5101","0","5101"
"105","118","Sedgwick St & North Ave","41.911386","-87.638677","3619","0","3619"
"106","119","Ashland Ave & Lake St","41.88592","-87.66717","1568","0","1568"
"107","120","Wentworth Ave & Archer Ave","41.853084557","-87.631931305","2031","0","2031"
"108","121","Blackstone Ave & Hyde Park Blvd","41.802562","-87.590368","729","0","729"
"109","122","Ogden Ave & Congress Pkwy","41.87501","-87.67328","576","0","576"
"110","123","California Ave & Milwaukee Ave","41.922695","-87.697153","2668","0","2668"
"111","124","Damen Ave & Cullerton St","41.854966519","-87.675699592","361","0","361"
"112","125","Rush St & Hubbard St","41.890173","-87.626185","4119","0","4119"
"113","126","Clark St & North Ave","41.911974","-87.631942","4079","0","4079"
"114","127","Lincoln Ave & Fullerton Ave","41.924161029","-87.646380365","2725","0","2725"
"115","128","Damen Ave & Chicago Ave","41.895769","-87.67722","2748","0","2748"
"116","129","Blue Island Ave & 18th St","41.857556","-87.661535","1454","0","1454"
"117","130","Damen Ave & Division St","41.903266","-87.678435","2873","0","2873"
"118","131","Lincoln Ave & Belmont Ave","41.939365","-87.668385","1980","0","1980"
"119","132","Wentworth Ave & 24th St","41.850083693","-87.632140517","373","0","373"
"120","133","Kingsbury St & Kinzie St","41.889176833","-87.638505772","8709","0","8709"
"121","134","Peoria St & Jackson Blvd","41.877641596","-87.649617791","3514","0","3514"
"122","135","Halsted St & 21st St","41.853779811","-87.646602988","508","0","508"
"123","136","Racine Ave & 13th St","41.865054","-87.656959","231","0","231"
"124","137","Morgan Ave & 14th Pl","41.862378","-87.651062","1202","0","1202"
"125","138","Clybourn Ave & Division St","41.904613","-87.640552","1727","0","1727"
"126","140","Dearborn Pkwy & Delaware Pl","41.898969","-87.629912","5228","0","5228"
"127","141","Clark St & Lincoln Ave","41.915689","-87.6346","6842","0","6842"
"128","142","McClurg Ct & Erie St","41.894503","-87.617854","4606","0","4606"
"129","143","Sedgwick St & Webster Ave","41.922167","-87.638888","3723","0","3723"
"130","144","Larrabee St & Webster Ave","41.921822","-87.64414","3984","0","3984"
"131","145","Mies van der Rohe Way & Chestnut St","41.898586651","-87.621915226","5166","0","5166"
"132","146","Loomis St & Jackson Blvd","41.877945","-87.662007","1110","0","1110"
"133","147","Indiana Ave & 26th St","41.845687","-87.622481","962","0","962"
"134","148","State St & 33rd St","41.834734","-87.625813","1773","0","1773"
"135","149","Calumet Ave & 33rd St","41.8349","-87.61793","1291","0","1291"
"136","150","Fort Dearborn Dr & 31st St","41.838556","-87.608218","4472","0","4472"
"137","152","Lincoln Ave & Diversey Pkwy","41.932225","-87.658617","2091","0","2091"
"138","153","Southport Ave & Wellington Ave","41.935733","-87.663576","3078","0","3078"
"139","154","Southport Ave & Belmont Ave","41.93947775","-87.663747668","1442","0","1442"
"140","156","Clark St & Wellington Ave","41.936496822","-87.647538658","3562","0","3562"
"141","157","Lake Shore Dr & Wellington Ave","41.936688449","-87.636829019","5468","0","5468"
"142","158","Milwaukee Ave & Wabansia Ave","41.912616","-87.681391","2781","0","2781"
"143","159","Claremont Ave & Hirsch St","41.907781","-87.685854","877","0","877"
"144","160","Campbell Ave & North Ave","41.910535","-87.689556","965","0","965"
"145","161","Rush St & Superior St","41.895764746","-87.625908033","3660","0","3660"
"146","162","Damen Ave & Wellington Ave","41.93588","-87.67842","1234","0","1234"
"147","163","Damen Ave & Clybourn Ave","41.931931","-87.677856","937","0","937"
"148","164","Franklin St & Lake St","41.885837","-87.6355","3365","0","3365"
"149","165","Clark St & Grace St","41.95078","-87.659172","2097","0","2097"
"150","166","Ashland Ave & Wrightwood Ave","41.92883","-87.668507","1162","0","1162"
"151","167","Damen Ave & Coulter St","41.8492","-87.67564","130","0","130"
"152","168","Michigan Ave & 14th St","41.864059","-87.623727","3016","0","3016"
"153","169","Canal St & Harrison St","41.874255","-87.639573","810","0","810"
"154","170","Clinton St & 18th St","41.85795","-87.640826","709","0","709"
"155","171","May St & Cullerton St","41.855136","-87.654127","548","0","548"
"156","172","Rush St & Cedar St","41.902308701","-87.627690528","3912","0","3912"
"157","173","Mies van der Rohe Way & Chicago Ave","41.896944626","-87.621757686","4262","0","4262"
"158","174","Canal St & Madison St","41.882091","-87.639833","6860","0","6860"
"159","175","Wells St & Polk St","41.872596","-87.633502","1777","0","1777"
"160","176","Clark St & Elm St","41.902973","-87.63128","6707","0","6707"
"161","177","Theater on the Lake","41.926277","-87.630834","22245","0","22245"
"162","178","State St & 19th St","41.856594","-87.627542","908","0","908"
"163","179","MLK Jr Dr & Oakwood Blvd","41.8246","-87.61678","206","0","206"
"164","180","Ritchie Ct & Banks St","41.906866","-87.626217","2570","0","2570"
"165","181","LaSalle St & Illinois St","41.890762","-87.631697","7634","0","7634"
"166","182","Wells St & Elm St","41.903222","-87.634324","3622","0","3622"
"167","183","Damen Ave & Augusta Blvd","41.901315","-87.677409","2154","0","2154"
"168","184","State St & 35th St","41.831036314","-87.626797557","1320","0","1320"
"169","185","Stave St & Armitage Ave","41.917741","-87.691392","681","0","681"
"170","186","Ogden Ave & Race Ave","41.891795","-87.658751","1834","0","1834"
"171","188","Greenview Ave & Fullerton Ave","41.92533","-87.6658","1733","0","1733"
"172","190","Southport Ave & Wrightwood Ave","41.928773","-87.663913","1675","0","1675"
"173","191","Canal St & Monroe St (*)","41.88169","-87.63953","2905","0","2905"
"174","192","Canal St & Adams St","41.879255","-87.639904","11181","0","11181"
"175","193","State St & 29th St","41.841707","-87.626938","101","0","101"
"176","194","Wabash Ave & Wacker Pl","41.886875","-87.62603","4116","0","4116"
"177","195","Columbus Dr & Randolph St","41.884728","-87.619521","8150","0","8150"
"178","196","Cityfront Plaza Dr & Pioneer Ct","41.890573","-87.622072","3250","0","3250"
"179","197","Michigan Ave & Madison St","41.882134","-87.625125","2754","0","2754"
"180","198","Green St & Madison St","41.881892","-87.648789","4271","0","4271"
"181","199","Wabash Ave & Grand Ave","41.891466","-87.626761","4930","0","4930"
"182","200","MLK Jr Dr & 47th St","41.809851","-87.616279","155","0","155"
"183","201","Indiana Ave & 40th St","41.82168","-87.6216","84","0","84"
"184","202","Halsted St & 18th St","41.85750568","-87.645991445","979","0","979"
"185","203","Western Ave & 21st St","41.854109","-87.685838","325","0","325"
"186","204","Prairie Ave & Garfield Blvd","41.794853","-87.618691","443","0","443"
"187","205","Paulina St & 18th St","41.857901","-87.668745","917","0","917"
"188","206","Halsted St & Archer Ave","41.847203","-87.646795","463","0","463"
"189","207","Emerald Ave & 28th St","41.84358","-87.645368","334","0","334"
"190","208","Ashland Ave & 21st St","41.854914576","-87.663559914","561","0","561"
"191","209","Normal Ave & Archer Ave","41.849527","-87.640591","293","0","293"
"192","210","Ashland Ave & Division St","41.90345","-87.667747","4130","0","4130"
"193","211","St. Clair St & Erie St","41.894345137","-87.622798383","6368","0","6368"
"194","212","Orleans St & Ohio St","41.889906","-87.634266","3256","0","3256"
"195","213","Leavitt St & North Ave","41.910509367","-87.682389021","1650","0","1650"
"196","214","Damen Ave & Grand Ave","41.891264346","-87.676842213","1477","0","1477"
"197","215","Damen Ave & Madison St","41.88137","-87.67493","634","0","634"
"198","216","California Ave & Division St","41.903029","-87.697474","750","0","750"
"199","217","Racine Ave (May St) & Fulton St","41.886616486","-87.658039927","1686","0","1686"
"200","218","Wells St & 19th St","41.856802","-87.633879","500","0","500"
"201","219","Damen Ave & Cortland St","41.915983","-87.677335","3105","0","3105"
"202","220","Hampden Ct & Diversey Pkwy","41.931248","-87.644336","4802","0","4802"
"203","222","Milwaukee Ave & Rockwell St","41.920195562","-87.692659199","724","0","724"
"204","223","Clifton Ave & Armitage Ave","41.918216","-87.656936","2641","0","2641"
"205","224","Halsted St & Willow St","41.913865","-87.648755","1939","0","1939"
"206","225","Halsted St & Dickens Ave","41.919936","-87.64883","2308","0","2308"
"207","226","Racine Ave & Belmont Ave","41.939743","-87.658865","2305","0","2305"
"208","227","Southport Ave & Waveland Ave","41.94815","-87.66394","2864","0","2864"
"209","228","Damen Ave & Melrose Ave","41.9406","-87.6785","982","0","982"
"210","229","Southport Ave & Roscoe St","41.943739","-87.66402","3602","0","3602"
"211","230","Lincoln Ave & Roscoe St","41.94379115","-87.671257854","2460","0","2460"
"212","231","Sheridan Rd & Montrose Ave","41.96167","-87.65464","2767","0","2767"
"213","232","Pine Grove Ave & Waveland Ave","41.949472741","-87.646452785","3845","0","3845"
"214","233","Sangamon St & Washington Blvd (*)","41.883165","-87.6511","2146","0","2146"
"215","234","Clark St & Montrose Ave","41.961588","-87.666036","1276","0","1276"
"216","236","Sedgwick St & Schiller St","41.907626","-87.638566","684","0","684"
"217","237","MLK Jr Dr & 29th St","41.842052","-87.617","3103","0","3103"
"218","238","Ravenswood Ave & Montrose Ave (*)","41.961406","-87.676169","1023","0","1023"
"219","239","Western Ave & Leland Ave","41.966399802","-87.688704282","1667","0","1667"
"220","240","Sheridan Rd & Irving Park Rd","41.954245","-87.654406","3496","0","3496"
"221","241","Morgan St & Polk St","41.871737","-87.65103","3633","0","3633"
"222","242","Damen Ave & Leland Ave","41.967094","-87.679028","1110","0","1110"
"223","243","Lincoln Ave & Leavitt St","41.963004","-87.684781","1462","0","1462"
"224","244","Ravenswood Ave & Irving Park Rd","41.95469","-87.67393","1377","0","1377"
"225","245","Clarendon Ave & Junior Ter","41.961004","-87.649603","2222","0","2222"
"226","246","Ashland Ave & Belle Plaine Ave","41.956057","-87.668835","706","0","706"
"227","247","Shore Dr & 55th St","41.795212","-87.580715","2841","0","2841"
"228","248","Woodlawn Ave & 55th St","41.795264","-87.596471","690","0","690"
"229","249","Montrose Harbor","41.963982","-87.638181","7187","0","7187"
"230","250","Ashland Ave & Wellington Ave","41.936083","-87.669807","1088","0","1088"
"231","251","Clarendon Ave & Leland Ave","41.967968","-87.650001","1460","0","1460"
"232","252","Greenwood Ave & 47th St","41.809835","-87.599383","299","0","299"
"233","253","Clifton Ave & Lawrence Ave","41.968812","-87.657659","1489","0","1489"
"234","254","Pine Grove Ave & Irving Park Rd","41.954383","-87.648043","3613","0","3613"
"235","255","Indiana Ave & Roosevelt Rd","41.867888","-87.623041","8324","0","8324"
"236","256","Broadway & Sheridan Rd","41.952833","-87.649993","1803","0","1803"
"237","257","Lincoln Ave & Waveland Ave","41.948797","-87.675278","1133","0","1133"
"238","258","Logan Blvd & Elston Ave","41.929465","-87.684158","1470","0","1470"
"239","259","California Ave & Francis Pl","41.918491154","-87.697422802","989","0","989"
"240","260","Kedzie Ave & Milwaukee Ave","41.929567","-87.707857","2627","0","2627"
"241","261","Hermitage Ave & Polk St","41.871514","-87.669886","1337","0","1337"
"242","262","Halsted St & 37th St","41.827059","-87.64572","119","0","119"
"243","263","Rhodes Ave & 32nd St","41.836208","-87.613533","970","0","970"
"244","264","Stetson Ave & South Water St","41.886835","-87.62232","3178","0","3178"
"245","265","Cottage Grove Ave & Oakwood Blvd","41.822985","-87.6071","555","0","555"
"246","267","Lake Park Ave & 47th St","41.809443","-87.591875","1170","0","1170"
"247","268","Lake Shore Dr & North Blvd","41.911722","-87.626804","24338","0","24338"
"248","270","Stony Island Ave & 75th St","41.75866967","-87.586882871","33","0","33"
"249","271","Cottage Grove Ave & 43rd St","41.816499","-87.606582","178","0","178"
"250","272","Indiana Ave & 31st St","41.838842","-87.621857","1229","0","1229"
"251","273","Michigan Ave & 18th St","41.857813","-87.62455","2712","0","2712"
"252","274","Racine Ave & 15th St","41.861267","-87.656625","549","0","549"
"253","275","Ashland Ave & 13th St","41.865234","-87.666507","583","0","583"
"254","276","California Ave & North Ave","41.91044","-87.6972","887","0","887"
"255","277","Ashland Ave & Grand Ave","41.891072","-87.666611","1207","0","1207"
"256","278","Wallace St & 35th St","41.83101433","-87.641183585","273","0","273"
"257","279","Halsted St & 35th St (*)","41.830661","-87.647172","577","0","577"
"258","280","Morgan St & 31st St","41.8378","-87.65114","397","0","397"
"259","281","Western Ave & 24th St","41.84847","-87.685109","112","0","112"
"260","282","Halsted St & Maxwell St","41.864883","-87.647071","1702","0","1702"
"261","283","LaSalle St & Jackson Blvd","41.878166","-87.631929","3989","0","3989"
"262","284","Michigan Ave & Jackson Blvd","41.87785","-87.62408","6247","0","6247"
"263","285","Wood St & Hubbard St","41.889899","-87.671473","1086","0","1086"
"264","286","Franklin St & Quincy St","41.879434091","-87.635504007","2673","0","2673"
"265","287","Franklin St & Monroe St","41.880317","-87.635185","7808","0","7808"
"266","288","Larrabee St & Armitage Ave","41.918084","-87.643749","2029","0","2029"
"267","289","Wells St & Concord Ln","41.912133","-87.634656","6819","0","6819"
"268","290","Kedzie Ave & Palmer Ct","41.921525","-87.707322","994","0","994"
"269","291","Wells St & Evergreen Ave","41.906724","-87.63483","3887","0","3887"
"270","292","Southport Ave & Clark St","41.957081","-87.664199","783","0","783"
"271","293","Broadway & Wilson Ave","41.965221","-87.658139","1263","0","1263"
"272","294","Broadway & Berwyn Ave","41.978353","-87.659753","1565","0","1565"
"273","295","Broadway & Argyle St","41.973815","-87.65966","1044","0","1044"
"274","296","Broadway & Belmont Ave","41.940106","-87.645451","3822","0","3822"
"275","297","Paulina St & Montrose Ave","41.961507","-87.671387","753","0","753"
"276","298","Lincoln Ave & Belle Plaine Ave","41.956003551","-87.680161446","1259","0","1259"
"277","299","Halsted St & Roscoe St","41.94367","-87.64895","3410","0","3410"
"278","300","Broadway & Barry Ave","41.937582316","-87.644097805","5145","0","5145"
"279","301","Clark St & Schiller St","41.907993","-87.631501","3893","0","3893"
"280","302","Sheffield Ave & Wrightwood Ave","41.928712","-87.653833","2264","0","2264"
"281","303","Broadway & Cornelia Ave","41.945529","-87.646439","3378","0","3378"
"282","304","Broadway & Waveland Ave","41.949074","-87.648636","2649","0","2649"
"283","305","Western Ave & Division St","41.902893","-87.687275","1395","0","1395"
"284","306","Sheridan Rd & Buena Ave","41.958494","-87.654966","1651","0","1651"
"285","307","Southport Ave & Clybourn Ave","41.920771","-87.663712","1939","0","1939"
"286","308","Seeley Ave & Roscoe St","41.943403","-87.679618","1140","0","1140"
"287","309","Leavitt St & Armitage Ave","41.917805","-87.682437","1203","0","1203"
"288","310","Damen Ave & Charleston St","41.920082","-87.677855","1224","0","1224"
"289","311","Leavitt St & Lawrence Ave","41.968885","-87.684001","778","0","778"
"290","312","Clarendon Ave & Gordon Ter","41.957866524","-87.649505138","2441","0","2441"
"291","313","Lakeview Ave & Fullerton Pkwy","41.925858","-87.638973","5227","0","5227"
"292","314","Ravenswood Ave & Berteau Ave","41.957921","-87.673567","993","0","993"
"293","315","Elston Ave & Wabansia Ave","41.912919","-87.664169","1083","0","1083"
"294","316","Damen Ave & Sunnyside Ave","41.96325","-87.679258","726","0","726"
"295","317","Wood St & Taylor St","41.869265218","-87.67373085","1350","0","1350"
"296","318","Southport Ave & Irving Park Rd","41.954177","-87.664358","1547","0","1547"
"297","319","Greenview Ave & Diversey Pkwy","41.932589634","-87.665936351","1202","0","1202"
"298","320","Loomis St & Lexington St","41.872187","-87.661501","3390","0","3390"
"299","321","Wabash Ave & 9th St","41.870769","-87.625734","3043","0","3043"
"300","322","Kimbark Ave & 53rd St","41.799568","-87.594747","1665","0","1665"
"301","323","Sheridan Rd & Lawrence Ave","41.969517","-87.654691","1268","0","1268"
"302","324","Stockton Dr & Wrightwood Ave","41.93132","-87.638742","3164","0","3164"
"303","325","Clark St & Winnemac Ave","41.97334764","-87.667855471","1692","0","1692"
"304","326","Clark St & Leland Ave","41.967096","-87.667429","1068","0","1068"
"305","327","Sheffield Ave & Webster Ave","41.92154","-87.653818","3468","0","3468"
"306","328","Ellis Ave & 58th St","41.788746","-87.601334","1037","0","1037"
"307","329","Lake Shore Dr & Diversey Pkwy","41.932588","-87.636427","4815","0","4815"
"308","330","Lincoln Ave & Addison St","41.946176","-87.673308","714","0","714"
"309","331","Halsted St & Blackhawk St (*)","41.909668","-87.648128","3433","0","3433"
"310","332","Halsted St & Diversey Pkwy","41.93314","-87.64776","2866","0","2866"
"311","333","Ashland Ave & Blackhawk St","41.907066","-87.667252","1836","0","1836"
"312","334","Lake Shore Dr & Belmont Ave","41.940775","-87.639192","6626","0","6626"
"313","335","Calumet Ave & 35th St","41.831379","-87.618034","600","0","600"
"314","336","Cottage Grove Ave & 47th St","41.809855","-87.606755","308","0","308"
"315","337","Clark St & Chicago Ave","41.89675","-87.63089","3194","0","3194"
"316","338","Calumet Ave & 18th St","41.857611","-87.619407","2827","0","2827"
"317","339","Emerald Ave & 31st St","41.838198","-87.645143","1002","0","1002"
"318","340","Clark St & Wrightwood Ave","41.929546","-87.643118","5163","0","5163"
"319","341","Adler Planetarium","41.866095","-87.607267","9735","0","9735"
"320","342","Wolcott Ave & Polk St","41.871262","-87.673688","2039","0","2039"
"321","343","Racine Ave & Wrightwood Ave","41.928887","-87.658971","1555","0","1555"
"322","344","Ravenswood Ave & Lawrence Ave","41.96909","-87.674237","3012","0","3012"
"323","345","Lake Park Ave & 56th St","41.793242","-87.587782","928","0","928"
"324","346","Ada St & Washington Blvd","41.88283","-87.661206","1964","0","1964"
"325","347","Ashland Ave & Grace St","41.950687","-87.6687","1178","0","1178"
"326","348","California Ave & 21st St","41.853804066","-87.695742399","135","0","135"
"327","349","Halsted St & Wrightwood Ave","41.929143","-87.649077","3024","0","3024"
"328","350","Ashland Ave & Chicago Ave","41.895974323","-87.667725384","2092","0","2092"
"329","351","Cottage Grove Ave & 51st St","41.803038","-87.606615","218","0","218"
"330","352","Jeffery Blvd & 67th St","41.773517551","-87.577142826","130","0","130"
"331","353","Clark St & Touhy Ave","42.012560115","-87.674367115","110","0","110"
"332","354","Sheridan Rd & Greenleaf Ave","42.010586563","-87.662412095","604","0","604"
"333","355","South Shore Dr & 67th St","41.773643","-87.567514","347","0","347"
"334","356","Stony Island Ave & 71st St","41.766492937","-87.586460878","64","0","64"
"335","359","Larrabee St & Division St","41.90348607","-87.643353494","2766","0","2766"
"336","364","Larrabee St & Oak St","41.900219493","-87.642985468","2096","0","2096"
"337","365","Halsted St & North Branch St","41.899390285","-87.648544908","637","0","637"
"338","366","Loomis St & Archer Ave","41.84163254","-87.657434953","244","0","244"
"339","367","Racine Ave & 35th St","41.830688565","-87.656210661","197","0","197"
"340","368","Ashland Ave & Archer Ave","41.839208684","-87.665609859","129","0","129"
"341","369","Wood St & 35th St","41.830104654","-87.670298309","39","0","39"
"342","370","Calumet Ave & 21st St","41.854184249","-87.619153741","1240","0","1240"
"343","373","Kedzie Ave & Chicago Ave","41.895465303","-87.706127884","209","0","209"
"344","374","Western Ave & Walton St","41.898417689","-87.686596016","1459","0","1459"
"345","375","Sacramento Blvd & Franklin Blvd","41.890468792","-87.702607512","140","0","140"
"346","376","Artesian Ave & Hubbard St","41.88949182","-87.688219365","908","0","908"
"347","377","Kedzie Ave & Lake St","41.884603285","-87.706303744","282","0","282"
"348","378","California Ave & Lake St","41.884453957","-87.696298137","310","0","310"
"349","381","Western Ave & Monroe St","41.879787709","-87.686112808","538","0","538"
"350","382","Western Ave & Congress Pkwy","41.874748851","-87.686445276","554","0","554"
"351","383","Ashland Ave & Harrison St","41.87295","-87.66913","974","0","974"
"352","384","Halsted St & 51st St","41.80183164","-87.645213904","14","0","14"
"353","385","Princeton Ave & Garfield Blvd","41.794982","-87.633124","57","0","57"
"354","386","Halsted St & 56th St","41.792929646","-87.644990057","39","0","39"
"355","388","Halsted St & 63rd St","41.779381142","-87.644620815","69","0","69"
"356","390","Wentworth Ave & 63rd St","41.780079633","-87.629746305","36","0","36"
"357","391","Halsted St & 69th St","41.76906172","-87.644613578","18","0","18"
"358","392","Perry Ave & 69th St","41.76929309","-87.628195929","8","0","8"
"359","393","Calumet Ave & 71st St","41.765508006","-87.616917925","4","0","4"
"360","394","Clark St & 9th St (AMLI)","41.870816","-87.631246","1354","0","1354"
"361","395","Jeffery Blvd & 76th St","41.757120068","-87.575839359","23","0","23"
"362","396","Yates Blvd & 75th St","41.758768","-87.56644","26","0","26"
"363","397","Saginaw Ave & Exchange Ave",NA,NA,"25","0","25"
"364","398","Rainbow Beach","41.757871448","-87.54938625","73","0","73"
"365","399","South Shore Dr & 74th St","41.76218896","-87.55927465","53","0","53"
"366","400","Cottage Grove Ave & 71st St","41.765719037","-87.604959713","30","0","30"
"367","401","Shields Ave & 28th Pl","41.842733","-87.635491","271","0","271"
"368","402","Shields Ave & 31st St","41.838464","-87.635406","576","0","576"
"369","403","Wentworth Ave & 33rd St","41.834529886","-87.631822981","387","0","387"
"370","405","Wentworth Ave & 35th St","41.830777","-87.632504","443","0","443"
"371","406","Lake Park Ave & 35th St","41.831274235","-87.608799195","1012","0","1012"
"372","407","State St & Pershing Rd","41.823015238","-87.626568018","26","0","26"
"373","408","Union Ave & Root St","41.819102","-87.643278","23","0","23"
"374","409","Shields Ave & 43rd St","41.816207679","-87.63481935","3","0","3"
"375","410","Prairie Ave & 43rd St","41.816658893","-87.619412462","106","0","106"
"376","411","Halsted St & 47th Pl","41.808133915","-87.645616554","95","0","95"
"377","412","Princeton Ave & 47th St","41.809317709","-87.633449288","51","0","51"
"378","413","Woodlawn Ave & Lake Park Ave","41.81409271","-87.597005148","261","0","261"
"379","414","Canal St & Taylor St","41.870257","-87.639474","1703","0","1703"
"380","415","Calumet Ave & 51st St","41.802294651","-87.61805358","108","0","108"
"381","416","Dorchester Ave & 49th St","41.805772","-87.592464","200","0","200"
"382","417","Cornell Ave & Hyde Park Blvd","41.802406","-87.586924","1532","0","1532"
"383","418","Ellis Ave & 53rd St","41.799336263","-87.600958115","869","0","869"
"384","419","Lake Park Ave & 53rd St","41.799494294","-87.586449896","1255","0","1255"
"385","420","Ellis Ave & 55th St","41.794300621","-87.601449773","1251","0","1251"
"386","421","MLK Jr Dr & 56th St (*)","41.793429457","-87.615853262","79","0","79"
"387","422","DuSable Museum","41.791568011","-87.607852177","293","0","293"
"388","423","University Ave & 57th St","41.791478","-87.599861","2009","0","2009"
"389","424","Museum of Science and Industry","41.79172821","-87.583945009","1487","0","1487"
"390","425","Harper Ave & 59th St","41.787942813","-87.58831517","410","0","410"
"391","426","Ellis Ave & 60th St","41.785097146","-87.601072761","589","0","589"
"392","427","Cottage Grove Ave & 63rd St","41.780600945","-87.605836093","162","0","162"
"393","428","Dorchester Ave & 63rd St","41.780405646","-87.591415989","161","0","161"
"394","429","Cottage Grove Ave & 67th St","41.773720952","-87.60563486","58","0","58"
"395","430","MLK Jr Dr & 63rd St","41.780080637","-87.615942857","18","0","18"
"396","431","Eberhart Ave & 61st St","41.784141693","-87.61330783","33","0","33"
"397","432","Clark St & Lunt Ave","42.009011181","-87.674111724","713","0","713"
"398","433","Kedzie Ave & Harrison St","41.873599675","-87.704870749","61","0","61"
"399","434","Ogden Ave & Roosevelt Rd","41.866501483","-87.68469707","866","0","866"
"400","435","Kedzie Ave & Roosevelt Rd","41.866492782","-87.706496176","71","0","71"
"401","436","Fairfield Ave & Roosevelt Rd","41.866624","-87.694521","67","0","67"
"402","437","Washtenaw Ave & Ogden Ave (*)","41.861930493","-87.693450451","117","0","117"
"403","438","Central Park Ave & Ogden Ave","41.854063504","-87.715117335","29","0","29"
"404","439","Kedzie Ave & 21st St","41.853533632","-87.705073032","67","0","67"
"405","440","Lawndale Ave & 23rd St","41.8481","-87.715068","22","0","22"
"406","441","Kedzie Ave & 24th St","41.848190945","-87.705413746","25","0","25"
"407","442","California Ave & 23rd Pl","41.849109692","-87.695139807","182","0","182"
"408","443","Millard Ave & 26th St","41.844531125","-87.715921998","57","0","57"
"409","444","Albany Ave & 26th St","41.844475014","-87.702013013","49","0","49"
"410","445","California Ave & 26th St","41.843679915","-87.694968581","51","0","51"
"411","446","Western Ave & 28th St","41.841517708","-87.685131441","69","0","69"
"412","447","Glenwood Ave & Morse Ave","42.007971923","-87.665502394","1078","0","1078"
"413","448","Warren Park East","42.004549622","-87.680666145","168","0","168"
"414","449","Clark St & Columbia Ave","42.004450629","-87.672402405","367","0","367"
"415","450","Warren Park West","42.001785","-87.688829","193","0","193"
"416","451","Sheridan Rd & Loyola Ave","42.00104378","-87.661198243","1105","0","1105"
"417","452","Western Ave & Granville Ave","41.994161369","-87.689438282","229","0","229"
"418","453","Clark St & Schreiber Ave","41.999251822","-87.671377339","484","0","484"
"419","454","Broadway & Granville Ave","41.994779688","-87.660284535","1434","0","1434"
"420","455","Maplewood Ave & Peterson Ave","41.990236029","-87.69336964","134","0","134"
"421","456","2112 W Peterson Ave","41.991178","-87.683593","168","0","168"
"422","457","Clark St & Elmdale Ave","41.990860448","-87.66972363","551","0","551"
"423","458","Broadway & Thorndale Ave","41.989742511","-87.660140621","1265","0","1265"
"424","459","Lakefront Trail & Bryn Mawr Ave",NA,NA,"5164","0","5164"
"425","460","Clark St & Bryn Mawr Ave","41.983593","-87.669154","1143","0","1143"
"426","461","Broadway & Ridge Ave","41.984044611","-87.660273829","1340","0","1340"
"427","462","Ravenswood Ave & Balmoral Ave","41.979762","-87.67753","617","0","617"
"428","463","Clark St & Berwyn Ave","41.978030622","-87.668564916","1915","0","1915"
"429","464","Damen Ave & Foster Ave","41.975614805","-87.679459039","878","0","878"
"430","465","Marine Dr & Ainslie St","41.9716","-87.650154","1958","0","1958"
"431","466","Ridge Blvd & Touhy Ave","42.012132277","-87.682912644","132","0","132"
"432","467","Western Ave & Lunt Ave","42.008594397","-87.690492239","179","0","179"
"433","468","Budlong Woods Library","41.983664709","-87.696422561","177","0","177"
"434","469","St. Louis Ave & Balmoral Ave","41.980394235","-87.716114961","172","0","172"
"435","470","Kedzie Ave & Foster Ave","41.975672","-87.709261","146","0","146"
"436","471","Francisco Ave & Foster Ave","41.975632725","-87.701419439","447","0","447"
"437","472","Lincoln Ave & Winona St","41.974911297","-87.692502559","345","0","345"
"438","474","Christiana Ave & Lawrence Ave","41.968354494","-87.711830667","358","0","358"
"439","475","Washtenaw Ave & Lawrence Ave","41.968987","-87.696027","407","0","407"
"440","476","Kedzie Ave & Leland Ave","41.966686362","-87.708051981","389","0","389"
"441","477","Manor Ave & Leland Ave","41.965875","-87.700825","259","0","259"
"442","478","Rockwell St & Eastwood Ave","41.96590014","-87.693638494","668","0","668"
"443","479","Drake Ave & Montrose Ave","41.961154076","-87.716569073","359","0","359"
"444","480","Albany Ave & Montrose Ave","41.961041","-87.705866","307","0","307"
"445","481","California Ave & Montrose Ave","41.961068","-87.695439","298","0","298"
"446","482","Campbell Ave & Montrose Ave","41.961525933","-87.691165041","555","0","555"
"447","483","Avondale Ave & Irving Park Rd","41.953393","-87.732002","351","0","351"
"448","484","Monticello Ave & Irving Park Rd","41.954004839","-87.71912818","331","0","331"
"449","485","Sawyer Ave & Irving Park Rd","41.953586179","-87.7093108","248","0","248"
"450","486","Oakley Ave & Irving Park Rd","41.954340852","-87.686079624","632","0","632"
"451","487","California Ave & Byron St","41.952162193","-87.698051113","425","0","425"
"452","488","Pulaski Rd & Eddy St","41.946264","-87.731023","100","0","100"
"453","489","Drake Ave & Addison St","41.947326","-87.717582","286","0","286"
"454","490","Troy St & Elston Ave","41.945243568","-87.706649901","644","0","644"
"455","491","Talman Ave & Addison St","41.946635831","-87.694614758","550","0","550"
"456","492","Leavitt St & Addison St","41.946655","-87.683359","648","0","648"
"457","493","Oakley Ave & Roscoe St","41.943034","-87.687288","985","0","985"
"458","494","Kedzie Ave & Bryn Mawr Ave","41.982229759","-87.708886564","178","0","178"
"459","495","Keystone Ave & Montrose Ave","41.961108016","-87.728970101","198","0","198"
"460","496","Avers Ave & Belmont Ave","41.939408","-87.723574","240","0","240"
"461","497","Kimball Ave & Belmont Ave","41.939398","-87.711561","494","0","494"
"462","498","California Ave & Fletcher St","41.938428791","-87.698007756","574","0","574"
"463","499","Kosciuszko Park","41.930585371","-87.723777364","379","0","379"
"464","500","Central Park Ave & Elbridge Ave","41.935337283","-87.716889294","329","0","329"
"465","501","Richmond St & Diversey Ave","41.931901969","-87.70119513","646","0","646"
"466","502","California Ave & Altgeld St","41.92669","-87.697668","844","0","844"
"467","503","Drake Ave & Fullerton Ave","41.924815597","-87.714495063","739","0","739"
"468","504","Campbell Ave & Fullerton Ave","41.924632472","-87.689307006","838","0","838"
"469","505","Winchester Ave & Elston Ave","41.92409085","-87.676460075","612","0","612"
"470","506","Spaulding Ave & Armitage Ave","41.917108035","-87.710220963","1048","0","1048"
"471","507","Humboldt Blvd & Armitage Ave","41.917513394","-87.701808955","1516","0","1516"
"472","508","Central Park Ave & North Ave","41.909656876","-87.716631952","383","0","383"
"473","509","Troy St & North Ave","41.909769302","-87.705280487","533","0","533"
"474","510","Spaulding Ave & Division St","41.902706594","-87.709219571","263","0","263"
"475","511","Albany Ave & Bloomingdale Ave","41.914026713","-87.705126462","1377","0","1377"
"476","514","Ridge Blvd & Howard St","42.019276","-87.68452","147","0","147"
"477","515","Paulina St & Howard St","42.019159","-87.673573","525","0","525"
"478","517","Clark St & Jarvis Ave","42.015963","-87.675005","254","0","254"
"479","518","Conservatory Dr & Lake St","41.885502","-87.716866","269","0","269"
"480","519","Wolcott Ave & Fargo Ave","42.016977","-87.677725","65","0","65"
"481","520","Greenview Ave & Jarvis Ave","42.015962","-87.66857","722","0","722"
"482","522","Bosworth Ave & Howard St","42.019537","-87.669563","185","0","185"
"483","523","Eastlake Ter & Rogers Ave","42.020887281","-87.665057927","713","0","713"
"484","524","Austin Blvd & Chicago Ave","41.894887","-87.774704","30","0","30"
"485","525","Glenwood Ave & Touhy Ave","42.012701","-87.666058","208","0","208"
"486","526","Oakley Ave & Touhy Ave","42.012342","-87.688243","93","0","93"
"487","527","Western Ave & Howard St","42.018901","-87.690048","153","0","153"
"488","528","Pulaski Rd & Lake St","41.885409","-87.726491","70","0","70"
"489","529","Cicero Ave & Lake St","41.886841","-87.745261","18","0","18"
"490","530","Laramie Ave & Kinzie St","41.887832","-87.755527","13","0","13"
"491","531","Central Ave & Lake St","41.887664","-87.765469","36","0","36"
"492","532","Austin Blvd & Lake St","41.888059607","-87.774265409","36","0","36"
"493","533","Central Park Blvd & 5th Ave","41.875679","-87.71547","34","0","34"
"494","534","Pulaski Rd & Madison St","41.88085","-87.727907","36","0","36"
"495","535","Pulaski Rd & Congress Pkwy","41.874325","-87.725704","31","0","31"
"496","536","Kostner Ave & Lake St","41.885928","-87.73541","54","0","54"
"497","537","Kenton Ave & Madison St","41.880708","-87.741018","10","0","10"
"498","538","Cicero Ave & Flournoy St","41.872131","-87.746619","3","0","3"
"499","539","Cicero Ave & Quincy St","41.877613","-87.745405","12","0","12"
"500","540","Laramie Ave & Madison St","41.880207","-87.755337","24","0","24"
"501","541","Central Ave & Harrison St","41.872993","-87.764499","23","0","23"
"502","542","Central Ave & Madison St","41.880121","-87.763238","49","0","49"
"503","543","Laramie Ave & Gladys Ave","41.875806","-87.755285","20","0","20"
"504","544","Austin Blvd & Madison St","41.880281","-87.774453","4","0","4"
"505","545","Kostner Ave & Adams St","41.877917","-87.735737","4","0","4"
"506","546","Damen Ave & Pershing Rd","41.823192","-87.676597","61","0","61"
"507","547","Ashland Ave & Pershing Rd","41.823465","-87.665577","62","0","62"
"508","548","Morgan St & Pershing Rd","41.823613","-87.650931","10","0","10"
"509","549","Marshfield Ave & 44th St","41.813996","-87.666589","10","0","10"
"510","550","Central Ave & Chicago Ave","41.894958","-87.764902","8","0","8"
"511","551","Hoyne Ave & 47th St","41.808227","-87.67718","53","0","53"
"512","552","Ashland Ave & McDowell Ave","41.80887","-87.66454","73","0","73"
"513","553","Elizabeth St & 47th St","41.80839","-87.656526","35","0","35"
"514","554","Damen Ave & 51st St","41.800908","-87.674684","11","0","11"
"515","555","Ashland Ave & 50th St","41.803023","-87.664699","17","0","17"
"516","556","Throop St & 52nd St","41.799659","-87.657195","0","0","0"
"517","557","Seeley Ave & Garfield Blvd","41.794087","-87.675478","3","0","3"
"518","558","Ashland Ave & Garfield Blvd","41.792822","-87.664429","8","0","8"
"519","559","Racine Ave & Garfield Blvd","41.794228","-87.655073","10","0","10"
"520","560","Marshfield Ave & 59th St","41.786833","-87.666215","4","0","4"
"521","561","Damen Ave & 59th St","41.785861065","-87.67414391","15","0","15"
"522","562","Racine Ave & 61st St","41.783189","-87.654372","0","0","0"
"523","563","Ashland Ave & 63rd St","41.779374","-87.664843","19","0","19"
"524","564","Racine Ave & 65th St","41.775393","-87.654308","3","0","3"
"525","566","Ashland Ave & 69th St",NA,NA,"4","0","4"
"526","567","May St & 69th St","41.768938","-87.652934","3","0","3"
"527","568","Normal Ave & 72nd St","41.75797","-87.63121","4","0","4"
"528","569","Woodlawn Ave & 75th St","41.75916","-87.595751","5","0","5"
"529","570","Evans Ave & 75th St","41.75849","-87.60641","5","0","5"
"530","571","Vernon Ave & 75th St","41.758361","-87.614138","56","0","56"
"531","572","State St & 76th St","41.756971","-87.624621","28","0","28"
"532","573","State St & 79th St","41.750794","-87.624424","63","0","63"
"533","574","Eberhart (Vernon) Ave & 79th St","41.75094","-87.61379","13","0","13"
"534","575","Cottage Grove Ave & 78th St","41.753174","-87.605026","15","0","15"
"535","576","Greenwood Ave & 79th St","41.751294","-87.597552","3","0","3"
"536","577","Stony Island Ave & South Chicago Ave","41.751173","-87.585337","14","0","14"
"537","578","Bennett Ave & 79th St","41.751785","-87.578496","10","0","10"
"538","579","Phillips Ave & 79th St","41.75182","-87.565211","23","0","23"
"539","580","Exchange Ave & 79th St","41.751731","-87.552812","220","0","220"
"540","583","Stony Island Ave & 82nd St","41.746559","-87.586005","8","0","8"
"541","584","Ellis Ave & 83rd St","41.744123","-87.599034","6","0","6"
"542","585","Cottage Grove Ave & 83rd St","41.743441","-87.604836","15","0","15"
"543","586","MLK Jr Dr & 83rd St","41.743116","-87.6148","22","0","22"
"544","587","Wabash Ave & 83rd St","41.743316","-87.622849","29","0","29"
"545","588","South Chicago Ave & 83rd St","41.743921","-87.575225","0","0","0"
"546","589","Milwaukee Ave & Cuyler Ave","41.954468","-87.749594","96","0","96"
"547","590","Kilbourn Ave & Irving Park Rd","41.953733","-87.740569","174","0","174"
"548","591","Kilbourn Ave & Milwaukee Ave","41.947070894","-87.740008235","164","0","164"
"549","592","Knox Ave & Montrose Ave","41.960631","-87.745359","118","0","118"
"550","593","Halsted St & 59th St","41.787539","-87.644874","0","0","0"
"551","594","Western Blvd & 48th Pl","41.805661","-87.683392","33","0","33"
"552","595","Wabash Ave & 87th St","41.736646","-87.622634","11","0","11"
"553","596","Benson Ave & Church St","42.048214","-87.683485","1364","0","1364"
"554","597","Chicago Ave & Washington St","42.032562","-87.679101","944","0","944"
"555","598","Elmwood Ave & Austin St","42.025784","-87.684107","161","0","161"
"556","599","Valli Produce - Evanston Plaza","42.039742","-87.699413","117","0","117"
"557","600","Dodge Ave & Church St","42.048308","-87.698224","183","0","183"
"558","601","Central St Metra","42.063598","-87.69873","281","0","281"
"559","602","Central St & Girard Ave","42.064313","-87.686152","252","0","252"
"560","603","Chicago Ave & Sheridan Rd","42.050491","-87.677821","729","0","729"
"561","604","Sheridan Rd & Noyes St (NU)","42.058239","-87.677432","776","0","776"
"562","605","University Library (NU)","42.052939","-87.673447","706","0","706"
"563","619","Keystone Ave & Fullerton Ave","41.92459","-87.72785","185","0","185"
"564","620","Orleans St & Chestnut St (NEXT Apts)","41.898203","-87.637536","1205","0","1205"
"565","622","California Ave & Cortez St","41.900363","-87.696704","751","0","751"
"566","623","Michigan Ave & 8th St","41.872773","-87.623981","5715","0","5715"
"567","624","Dearborn St & Van Buren St (*)","41.876268","-87.629155","95","0","95"
